sentiment_class,avg_leverage,median_leverage,max_leverage,total_trades
Extreme Fear,9.988971962616823,5.0,50,21400
Fear,10.147144913239647,5.0,50,61837
Neutral,10.698243379504325,10.0,50,37686
Greed,10.444433401578246,10.0,50,50309
Extreme Greed,10.724694938987797,10.0,50,39992
