leverage_bucket,avg_pnl,median_pnl,avg_roe,win_rate,total_pnl,trade_count
Extreme Leverage (21x-50x),13.836041649077563,2.217469,2.5299442305532325,0.8272168220591153,69747.485953,5041
High Leverage (11x-20x),28.527576388971774,3.2107200000000002,0.9171963920483535,0.8313440258609971,458894.593793,16086
Low Leverage (1x-3x),241.95221070811874,20.13996,0.09340415680680164,0.8350121175401394,6389473.98038,26408
Medium Leverage (4x-10x),59.41031567369402,5.099445,0.3166481855695703,0.831238021556802,3378842.88331,56873
