sentiment_class,Extreme Leverage (21x-50x),High Leverage (11x-20x),Low Leverage (1x-3x),Medium Leverage (4x-10x)
Extreme Fear,4.303738317757009,14.728971962616821,27.04672897196262,53.92056074766355
Fear,4.637999902970713,14.868121027863577,27.27331532901014,53.22056374015557
Neutral,5.107997664915353,15.928992198694475,24.199968157936635,54.76304197845354
Greed,4.875867141068198,15.504184142002424,25.7548351189648,53.86511359796457
Extreme Greed,5.051010202040408,15.895679135827164,23.544708941788357,55.50860172034406
