{
    "accuracy": 0.8496631867956453,
    "roc_auc": 0.8999327200512566,
    "classification_report": {
        "0": {
            "precision": 0.9981981981981982,
            "recall": 0.10528316229570506,
            "f1-score": 0.19047619047619047,
            "support": 5262.0
        },
        "1": {
            "precision": 0.8469838793551742,
            "recall": 0.9999616284870112,
            "f1-score": 0.9171373770434109,
            "support": 26061.0
        },
        "accuracy": 0.8496631867956453,
        "macro avg": {
            "precision": 0.9225910387766862,
            "recall": 0.5526223953913582,
            "f1-score": 0.5538067837598006,
            "support": 31323.0
        },
        "weighted avg": {
            "precision": 0.8723866104394251,
            "recall": 0.8496631867956453,
            "f1-score": 0.7950644222269274,
            "support": 31323.0
        }
    }
}