{
    "best_model": "Random Forest",
    "comparison": {
        "Random Forest": {
            "accuracy": 0.8479072885738914,
            "precision": 0.8455622261885445,
            "recall": 0.9998081424350562,
            "f1_score": 0.9162388353611365,
            "roc_auc": 0.8917475301455926,
            "confusion_matrix": [
                [
                    503,
                    4759
                ],
                [
                    5,
                    26056
                ]
            ]
        },
        "Logistic Regression": {
            "accuracy": 0.8390320211984803,
            "precision": 0.8439310141702392,
            "recall": 0.9895245769540693,
            "f1_score": 0.9109470486417747,
            "roc_auc": 0.6868007325910844,
            "confusion_matrix": [
                [
                    493,
                    4769
                ],
                [
                    273,
                    25788
                ]
            ]
        }
    }
}